Organization,LLM_Alignment_Score,Verdict,Agreements,Disagreements
ZOE Institute for Future-fit Economies,8,Likely Ally,"Both submissions emphasize the importance of long-term resilience in Europe and advocate for the incorporation of strategic foresight in policymaking. They agree on the necessity of considering intergenerational fairness and the need for comprehensive frameworks that address emerging challenges, such as technological advancements and sustainability issues.","Submission A focuses significantly on the geopolitical and economic context, highlighting the need for robust governance and regulation in response to technology's impact on democracy. In contrast, Submission B prioritizes citizen engagement and the use of sustainable and inclusive wellbeing metrics for policy design, suggesting a more grassroots and holistic approach to intergenerational fairness rather than top-down regulatory measures."
Sanja Terlevic,8,Likely Ally,"Both submissions highlight the importance of democracy and citizen engagement in shaping Europe’s future. They agree on the need for innovative approaches and policies that promote resilience and adaptability in response to emerging challenges, recognizing technological advancements as critical factors in future resilience.","Submission A emphasizes a more structured approach to tackling geopolitical challenges and technological governance, reflecting concerns about external influences. In contrast, Submission B focuses on inclusive policymaking and experimental governance, prioritizing citizen involvement and adaptable policies without detailed attention to geopolitical context."
Anonymous_3,8,Likely Ally,"Both submissions express deep concerns about the threats to democracy and liberalism in Europe, emphasizing the need for proactive measures to safeguard democratic values. Submission A discusses the impact of technology on democratic processes and advocates for enhanced governance, while Submission B calls for a robust educational response to strengthen democracy.","Submission A takes a broader approach by addressing the intersection of technology, governance, and economic competitiveness, while Submission B focuses specifically on the educational needs for defending democracy. Additionally, Submission A highlights the role of strategic foresight and policy actions, whereas Submission B emphasizes immediate educational commitments."
Association internationale Futuribles,7,Likely Ally,"Both submissions focus on the importance of long-term resilience in the EU and address critical issues such as economic competitiveness, technology, and geopolitical challenges. They emphasize the need for comprehensive strategies and foresight to navigate current and future crises effectively.","Submission A places a strong emphasis on democratic governance, the influence of technology on society, and the importance of regulatory frameworks, whereas Submission B offers a broader thematic exploration of resilience through specific publications without extensively addressing governance issues. Additionally, Submission B's focus is more on summarizing existing literature rather than providing detailed policy recommendations like Submission A."
TNO,7,Likely Ally,"Both submissions recognize the importance of strengthening the EU's resilience, competitiveness, and strategic autonomy in the face of geopolitical challenges. They emphasize the need for a robust research and innovation ecosystem and highlight the significance of addressing emerging technologies and societal well-being in their strategies for future development.","Submission A focuses more on the governance and regulatory aspects, stressing the importance of democracy and societal structures, while Submission B prioritizes technological advancement and innovation metrics over traditional economic indicators like GDP. This reflects a conceptual difference in how each organization prioritizes the framework for EU resilience and prosperity."
Simon Önnered,7,Likely Ally,Both submissions highlight the importance of addressing long-term challenges and the interlinkages of various trends affecting the EU's future. They agree on the need for anticipatory policymaking to bolster resilience and respond effectively to emerging technologies and societal issues.,"Submission A emphasizes specific emerging technologies and their regulatory implications on democracy and economy, while Submission B focuses on a broader framework of megatrends and grand challenges without specifying technologies. Additionally, A provides detailed policy recommendations, whereas B pertains to the complexity of interlinkages between megatrends."
Philea,7,Likely Ally,"Both submissions emphasize the importance of long-term resilience and the role of emerging technologies in shaping Europe's future. They agree on the need for collaboration among various stakeholders, including civil society and philanthropic organizations, to address pressing challenges and enhance EU resilience.","Submission A focuses more on the geopolitical context, the erosion of democracy, and the specific technological advancements impacting governance, while Submission B highlights the role of philanthropy in fostering social innovation and cross-border collaboration. Their priorities differ, with CFG emphasizing defense of democratic values and economic competitiveness, whereas Philea advocates for the role of philanthropy in public welfare and pluralism."
Office of the Government and Government of the Republic of Lithuania and Strategic Analysis Center S,7,Likely Ally,"Both submissions highlight the importance of resilience in the face of geopolitical challenges and emphasize the need for strong governance and adaptability in addressing future risks. They recognize the critical role of technology, societal cohesion, and proactive policy actions in achieving long-term resilience in the EU.","Submission A focuses more on the intersection of technology and democracy, highlighting the impact of American tech dominance and the need for a robust regulatory framework, while Submission B emphasizes the need for actionable resilience strategies and a comprehensive approach to crisis management, including peacetime and conflict scenarios. Submission A discusses economic competitiveness in the context of technological advancement, whereas Submission B prioritizes civil society, education, and social cohesion as vital sources of resilience."
Ioannis Lamprou,7,Likely Ally,"Both submissions emphasize the importance of resilience within the EU, highlighting challenges and the need for cohesive policy frameworks. They also agree on the role of strategic foresight in shaping effective policies and the necessity for inclusiveness to address diverse member state concerns.","Submission A focuses on the interplay between democracy, technology, and economic competitiveness, while Submission B prioritizes security concerns and the necessity to adapt to geopolitical changes. Additionally, Submission A stresses the role of emerging technologies, whereas Submission B emphasizes citizen participation and the systemic approach needed for resilience-building."
bert hubert,7,Likely Ally,"Both submissions emphasize the importance of European autonomy in technology and governance, warning against over-reliance on American cloud services. They converge on the idea that dependency on foreign technology could undermine European resilience and democracy.","Submission A presents a comprehensive analysis of the broader geopolitical and economic challenges facing Europe, while Submission B focuses more specifically on the dangers of dependence on U.S. cloud services as an immediate issue. Additionally, Submission A proposes policy mechanisms for enhancing resilience, whereas Submission B adopts a more straightforward stance against current practices without detailed policy recommendations."
Bankenverband,7,Neutral,"Both submissions recognize the importance of addressing geopolitical tensions and technological advancements as crucial challenges to EU long-term resilience. They also emphasize the need for robust financial sectors and innovation as strengths for building resilience in Europe, alongside the promotion of public-private partnerships and educational initiatives.","Submission A focuses heavily on the need for strong democratic governance and democratic oversight in the technology sector, arguing that Europe must strengthen its democratic foundations against outside influences. In contrast, Submission B prioritizes economic adaptation and digital finance integration within the context of competitiveness and innovation, with less emphasis on governance issues."
Adrien Cadiot EI,7,Likely Ally,"Both submissions emphasize the importance of long-term resilience and the need for the EU to address challenges and leverage its strengths in fields such as technology, governance, and societal well-being. They agree on the necessity of strategic foresight to guide EU policies and enhance collective resilience against geopolitical and economic pressures.","Submission A focuses more on the challenges posed by geopolitical tensions and the need for strong governance and democratic frameworks, while Submission B advocates for a broader, optimistic vision that emphasizes design, creativity, and cultural transformation as key factors for resilience. Additionally, Submission B places greater emphasis on the integration of societal and cultural dimensions into resilience planning, whereas Submission A is more analytical and policy-oriented."
Andre REBENTISCH,6,Neutral,Both submissions highlight the importance of resilience in the EU in the face of geopolitical challenges and technological vulnerabilities. They agree on the need for strategic investments in technology and governance to protect democratic values and maintain technological sovereignty.,"Submission A emphasizes a broader scope of long-term EU resilience, including social and economic dimensions, while Submission B focuses specifically on the adoption of open source software as a solution to reduce dependency on proprietary systems. Additionally, A's approach is more comprehensive in considering multiple technological domains compared to B's narrow focus on software."
EU-LIFE - Alliance of Independent Research Institutes in the Life Sciences in Europe,6,Likely Ally,"Both submissions emphasize the importance of strengthening Europe's long-term resilience through innovation, research, and development. They agree that Europe needs to build on its strengths and invest strategically in critical areas, including technology and research, to remain competitive and address future challenges.","While Submission A focuses on governance, geopolitical context, and the democratic implications of technology, Submission B centers on scientific research as a strategic necessity for resilience and economic competitiveness. Therefore, Submission A emphasizes broader societal and political issues, whereas Submission B prioritizes specific research and innovation actions to enhance competitiveness."
Ministry of the Economy Luxembourg,6,Likely Ally,"Both submissions acknowledge the importance of geopolitical stability and the impact of global trends on economic resilience. They emphasize the need for Europe to reinforce its democratic values and adapt to technological advancements, underpinning their respective analyses with a strong focus on the future of EU resilience amid global challenges.","Submission A focuses on the broader aspects of democracy, technology, and economic competitiveness, while Submission B specifically highlights ten megatrends relevant to Luxembourg’s economy, suggesting a more localized approach. Additionally, Submission A provides specific recommendations for policy actions, whereas Submission B offers a less detailed narrative on economic implications."
Kieran DALTON,6,Neutral,Both submissions emphasize the importance of addressing contemporary geopolitical tensions and the necessity for Europe to innovate in key sectors such as technology and climate. They recognize the value of long-term resilience and the role that societal engagement and collaboration play in developing effective strategies for the future.,"Submission A focuses heavily on governance, democracy, and regulatory frameworks in the context of emerging technologies, while Submission B prioritizes immediate geopolitical alliances and societal engagement without delving into the regulatory or democratic aspects. Additionally, Submission B adopts a more immediate and practical perspective on R&D and education, whereas Submission A offers a broader analysis of systemic challenges and required policy actions."
Kevin Bradley,6,Neutral,"Both submissions emphasize the need for resilience in the EU, particularly in the face of geopolitical challenges and technological advancements. They agree on the importance of strengthening security measures and promoting sustainability to protect European values and economies.","Submission A focuses on the importance of democratic governance and technology policy to mitigate external threats, while Submission B emphasizes the geopolitical landscape and economic separation of regions, particularly in relation to China and the U.S. Additionally, Submission B presents a more pessimistic view of climate change and food security outcomes compared to Submission A's focus on proactive resilience strategies."
Kansaneläkelaitos Kela,6,Neutral,"Both submissions emphasize the importance of resilience in the face of crises, highlighting the need for strong governance and societal trust. They recognize the role of emerging technologies in shaping future resilience and address the need for effective collaboration in crisis management.","Submission A focuses on broader geopolitical and technological challenges, advocating for regulatory enhancements and strategic foresight, while Submission B emphasizes social welfare, citizen well-being, and the specific vulnerabilities of at-risk populations. Additionally, Kela stresses the operational aspects of continuity management and cooperation among different entities during crises, which is less highlighted in Submission A."
NA,6,Neutral,Both submissions emphasize the importance of resilience in the EU and the role of advanced technologies in shaping the future. They agree on the necessity of adapting to emergent global challenges and fostering collaboration as key to achieving long-term resilience.,"Submission A focuses on governance, democratic values, and the implications of technological advancements, presenting a more structured analysis. In contrast, Submission B advocates for flexibility in regulations, the importance of human values, and innovation, while also questioning the feasibility of current democratic models, suggesting a broader exploration of new methods for governance and societal organization."
Joni Suikeli,6,Neutral,"Both submissions acknowledge external geopolitical threats that affect the EU's stability and resilience, specifically highlighting the influence of outside powers like the US and Russia. They also emphasize the need for the EU to become more self-reliant and resilient in defense and governance.","Submission A focuses on a comprehensive approach to technology and governance in shaping EU resilience, emphasizing democratic values and technological policy, while Submission B emphasizes a more immediate concern regarding defense responsibilities and the need for a unified European identity against right-wing extremism. Submission B calls for more attention on soft power and European identity, which is less prominent in Submission A's analysis."
Anonymous_1,6,Neutral,Both submissions emphasize the importance of building resilience in Europe through investment in quality of life and technological advancement. They agree on the need for Europe to strengthen its democratic and social foundations to sustain long-term competitiveness and attract multinational enterprises.,"Submission A focuses more on governance, geopolitical challenges, and technological innovation, while Submission B highlights quality of life, education, health care, and diplomacy as key factors for resilience. Furthermore, Submission B expresses urgent concerns regarding European leadership in diplomacy, which is less emphasized in Submission A."
Agroecology Europe,6,Neutral,"Both submissions recognize the importance of long-term resilience for the EU, emphasizing the need for coherent policy frameworks that address multiple challenges, including socio-economic and technological factors. They both highlight the impact of climate change and the potential for transformative pathways that can foster sustainability and security in Europe.","Submission A emphasizes the role of emerging technologies and the need for robust governance to counteract geopolitical threats, while Submission B prioritizes environmental tipping points and advocates for agroecology as a solution to food security and sustainability challenges. The focus areas differ significantly, with Submission A leaning towards technological approaches and Submission B highlighting agricultural solutions."
Gaël QUEINNEC,6,Likely Ally,"Both submissions emphasize the significance of addressing long-term challenges to resilience, including environmental, geopolitical, and technological factors. They agree on the need for a comprehensive framework that considers broader issues beyond traditional notions of resilience, with a focus on innovation and competitiveness in the technology sector.","Submission A provides a detailed and structured analysis of various aspects of EU resilience, while Submission B calls for more involvement from European business foresight experts and critiques the definition of resilience used in the context. This indicates a difference in approach and focus, with Submission B suggesting a broader concept of 'anti-fragility' rather than just resilience."
FutuRes Towards a Resilient Future of Europe Horizon Europe funded project,6,Neutral,"Both Submission A and Submission B emphasize the importance of enhancing EU resilience in the face of future challenges, particularly regarding emerging technologies and social structures. They agree on the necessity of fostering local communities and creating attractive labor conditions to adapt to demographic changes and economic competitiveness.","Submission A focuses heavily on the intersection of technology, democracy, and policy governance, suggesting urgent reforms needed in tech policy and democratic institutions. In contrast, Submission B centers on demographic resilience, emphasizing labor market accessibility and community structures as central to resilience, which is less of a focus in Submission A."
Fraunhofer IAO,6,Neutral,Both submissions recognize the importance of emerging technologies and the need for strategic actions to enhance Europe's long-term resilience. They highlight the necessity of international cooperation and the role of skilled workers in fostering innovation within their respective domains.,"Submission A focuses broadly on the challenges facing the EU in terms of governance, economic competitiveness, and technological advancement, while Submission B centers specifically on quantum computing and its ecosystem. Additionally, A emphasizes the need for regulatory support and democratic values, whereas B highlights reducing bureaucracy for innovation in the quantum computing sector."
EuroStack Project,6,Likely Ally,"Both submissions emphasize the importance of Europe enhancing its digital sovereignty and resilience against external challenges, particularly from non-European tech giants. They agree on the need for stronger governance, technological framework, and a strategic approach to ensuring long-term EU resilience.","Submission A focuses more on the broader social and democratic implications of technology and governance, while Submission B prioritizes open-source principles and the digital ecosystem specifically. Additionally, Submission A highlights the challenges of geopolitical tensions and competitiveness in a broader context, whereas Submission B dives deeper into specific technological solutions and the open-source community's role."
EUPHA European Public Health Association,6,Neutral,"Both submissions emphasize the importance of resilience and foresight in policy-making, acknowledging the complex interplay of various factors such as technology, public health, and governance. They agree on the necessity of integrating foresight methodologies to enhance adaptability and preparedness for future challenges.","Submission A focuses more on the geopolitical and technological landscapes affecting democratic governance and the economy, while Submission B centers on public health and the need for a comprehensive approach to health foresight. Additionally, Submission A highlights regulatory and competitive aspects, whereas Submission B prioritizes health outcomes and societal well-being."
Melanoma Patient Network Europe,6,Neutral,"Both submissions emphasize the importance of resilience in Europe, linking it to governance, education, and the impact of misinformation. They stress the need for critical thinking and informed decision-making as key components for societal stability and progress.","Submission A focuses on technological and democratic challenges, advocating for stronger regulatory frameworks and addressing geopolitical dynamics, while Submission B emphasizes the role of scientific literacy and ethical values in combating misinformation and improving health outcomes. These differing priorities suggest distinct approaches to achieving resilience."
SPES project - Sustainabilty Performances Evidence and Scenarios,6,Neutral,"Both submissions emphasize the importance of governance and democratic values as key elements of EU resilience. They acknowledge the need for a shift in policy focus towards sustainability, well-being, and inclusion, particularly in the context of technological advancements and economic growth.","Submission A places significant emphasis on the technological landscape and regulatory frameworks needed to respond to geopolitical challenges and the impact of advanced technologies. In contrast, Submission B prioritizes a fundamental economic transformation towards a sustainable human development model, critiquing traditional GDP measurements and advocating for a broader definition of well-being."
AMALIA MARIA KOUTSOGIANNI,6,Neutral,"Both submissions express a concern for long-term resilience within the EU, emphasizing the need for strategic action in the face of technological and geopolitical challenges. They agree on the importance of fostering societal strength and adaptability through education and policy reform, especially regarding emerging technologies and youth engagement.","Submission A focuses more broadly on systemic issues such as democracy, governance, and economic competitiveness, whereas Submission B centers specifically on the resilience of young generations, advocating for targeted strategies in education and social stability. This indicates a difference in scope, with Submission A adopting a wider lens and Submission B concentrating on youth-related policy actions."
Anonymous_9,6,Likely Ally,Both submissions identify the importance of enhancing technological independence and governance to ensure long-term resilience in the EU. They agree on the need for stronger strategies to address emerging technological challenges and the significance of a unified response to geopolitical pressures.,"Submission A emphasizes the impact of digital democracy and the role of advanced technologies, whereas Submission B focuses on practical aspects like political unity, demographic challenges, and energy autonomy. Additionally, Submission B proposes specific measures such as a generational pact and a merit-based migration policy, which are not addressed in Submission A."
University of Bergen,6,Neutral,Both submissions emphasize the importance of addressing societal challenges such as health and climate change and highlight the role of technology in shaping future resilience. They agree on the need for interdisciplinary research and the protection of democratic values in light of emerging challenges.,"Submission A focuses more on the geopolitical implications of technology and governance, advocating for regulatory frameworks to protect democracy, while Submission B emphasizes specific health and climate research areas and the pursuit of just and sustainable societies without a strong geopolitical focus. This leads to differing priorities in terms of immediate research actions versus broader governance issues."
ASOCIACION INDUSTRIAL DE CANARIAS ASINCA,6,Neutral,"Both submissions recognize the importance of long-term resilience for the EU, emphasizing the need for innovation, competitiveness, and the necessity to address major challenges such as climate change and geopolitical instability. They agree that strong industrial policy and investment in technology will be key to achieving these goals.","Submission A highlights the need for enhanced democratic governance and accountability in the context of technology, whereas Submission B emphasizes specific industrial challenges faced by the Canary Islands, like geographical isolation and energy dependency. Additionally, Submission A suggests a broader regulatory framework, while Submission B focuses more on practical industry-specific measures."
TES,6,Neutral,"Both submissions recognize the importance of ensuring EU resilience, with an emphasis on the need for effective policies and financing mechanisms. They advocate for ambitious energy and decarbonization targets, alongside the imperative of enhancing competitiveness within the EU framework.","Submission A focuses on broader challenges such as governance, democracy, and technological advancements, whereas Submission B zeroes in on energy sector resilience, specifically through hydrogen-based e-fuels and internal market dynamics. The latter emphasizes specific technologies and implementation strategies over the overarching socio-political context that Submission A addresses."
UNESPA,6,Neutral,"Both submissions emphasize the importance of resilience in the EU, particularly in relation to economic stability and technology. They agree on the need for strategic initiatives to address risks such as climate change and the importance of data access for effective risk management.","Submission A focuses more on governance, democratic integrity, and technological advancements, while Submission B emphasizes the insurance industry's role in protecting risks and closing protection gaps. The specific priorities regarding how to enhance resilience differ, with CFG advocating for a broad societal and democratic approach, whereas UNESPA concentrates on direct financial instruments and data access for insurance purposes."
Egmont - Royal Institute for International Relations,6,Neutral,Both submissions agree on the importance of environmental resilience and acknowledge the need for the EU to adapt to climate change while highlighting the opportunities and challenges posed by new technologies. They also recognize the significance of long-term strategies to enhance EU resilience and secure resources sustainably.,"Submission A places a strong emphasis on the intersection of technology, governance, and democracy, framing technological advancements as a potential threat to democratic values, whereas Submission B focuses more on specific environmental challenges and the importance of adaptation strategies. Additionally, Submission A discusses the economic competitiveness gap with the US more critically than Submission B, which regards the integration of climate objectives as a pathway to resilience."
Kai Wellmann,5,Neutral,"Both submissions emphasize the importance of addressing future challenges for society, particularly with regard to the next generations and the environment. They agree on the need for proactive measures to ensure sustainability and resilience for future generations.","Submission A focuses on systematic policy analysis and technological advancements to bolster EU resilience, whereas Submission B prioritizes grassroots educational approaches and immediate environmental actions. There is a noticeable difference in the scope and summative perspective on how to achieve societal change, with A taking a more structured approach and B advocating for immediate and practical interventions."
Transfer Pricing Services SRL,5,Neutral,"Both submissions recognize significant challenges facing the EU, including demographic shifts and geopolitical tensions, and they emphasize the importance of strengthening societal structures and governance. Additionally, both advocate for increased accountability and transparency in governance, particularly regarding technology and its regulation.","Submission A focuses on broader themes of long-term resilience through technological advancements and democratic integrity, while Submission B emphasizes fiscal policies, tax compliance, and the relationship between citizens and the state. This highlights a difference in priorities, with A leaning towards strategic technological governance and B prioritizing economic structures and tax reforms."
Instituto Nacional de Administração IP Portugal,5,Neutral,Both Submission A and Submission B acknowledge the importance of addressing the EU's challenges in terms of resilience and competitiveness. They also emphasize the significance of drawing on scientific research and analysis to inform policy decisions for a better future in the EU.,"Submission A focuses more on the socio-political aspects, including threats to democracy and specific recommendations for enhancing resilience through governance and technology policy. In contrast, Submission B takes a more administrative and procedural stance, suggesting collaboration and contributions to the report without delving into substantial policy critiques or recommendations."
CHEM Trust,5,Neutral,Both submissions recognize the importance of resilience in the EU and link it to sustainability and the need for effective governance. They agree on the challenges posed by technological advancements and the need for regulatory frameworks to maintain democratic values and protect public health and the environment.,"Submission A focuses on broader technological and democratic challenges, while Submission B emphasizes the specific issue of chemical pollution and its impacts on health and the environment. The priority areas differ, with A highlighting governance and economic competitiveness, and B stressing the regulation of harmful chemicals as critical for long-term resilience."
GROUPE VYV,5,Neutral,"Both submissions highlight the importance of foresight in addressing future challenges, particularly concerning health and societal resilience in the face of environmental and technological changes. They also stress the need for adapting policies to support vulnerable populations and promote long-term sustainability within the EU framework.","Submission A focuses heavily on governance, technology policy, and the threats posed by geopolitical dynamics, while Submission B emphasizes health vulnerabilities and socio-ecological factors. This difference in focus suggests that CFG prioritizes technological advancement, whereas Groupe VYV is more concerned with health and social protection."
TNO Vector,5,Neutral,"Both submissions acknowledge the need for resilience in the EU and recognize the importance of strategic considerations in strengthening this resilience. They both emphasize the significance of understanding external dependencies and challenges, whether through governance and technology (Submission A) or through control points in business networks (Submission B).","Submission A focuses more on the broader geopolitical, technological, and democratic challenges to EU resilience, advocating for comprehensive policy changes and societal considerations. In contrast, Submission B emphasizes the concept of control points in economic and business contexts, aiming for a more specific framework for resilience without addressing the overarching societal and political dimensions highlighted by Submission A."
Anonymous,5,Neutral,"Both submissions recognize challenges to EU resilience, such as external threats, with Submission A highlighting geopolitical tensions and economic competitiveness, while Submission B cites climate change and insecure borders. They agree on the importance of addressing these issues to enhance the EU's long-term stability and strength.","Submission A provides a more comprehensive analysis of challenges, including detailed discussions on governance, technological advancements, and economic dynamics, while Submission B focuses on broader challenges without in-depth policy recommendations. Their approaches to characterizing resilience differ, with Submission A offering a longer-term visionary perspective compared to Submission B's more immediate pragmatic stance."
Nicolas Overloop_1,4,Neutral,"Both submissions recognize the fragility of the EU in the face of external and internal pressures and the importance of strengthening resilience through strategic foresight. They agree on the necessity for enhanced security measures in response to geopolitical tensions, particularly concerning the influence of major powers like the US and China.","Submission A focuses on long-term resilience, governance, and the need for democratic integrity as foundational to addressing technological challenges, while Submission B emphasizes a militaristic and strategic approach for securing trade routes in the context of potential conflicts. Additionally, Submission A appears to prioritize societal fairness and technological governance, while Submission B leans towards immediate defense strategies without addressing broader social implications."
Nicolas Overloop,4,Neutral,"Both submissions highlight the importance of strengthening Europe's resilience and competitiveness, particularly in emerging technology and critical resources. They recognize the need for strategic actions to enhance the EU's position in global supply chains and technological advancements.","Submission A focuses on broader themes of governance, democratic integrity, and strategic foresight, while Submission B emphasizes specific industrial strategies such as heavy rare earth minerals, energy independence via small modular reactors, and aggressive tariff strategies. The second submission prioritizes immediate economic measures over the long-term societal and governance considerations outlined in Submission A."
SUEZ,4,Neutral,"Both submissions recognize the importance of strong governance and policy coordination to address pressing challenges facing the EU. They emphasize the need for strategic long-term solutions and the interconnectedness of various challenges, including technological and environmental issues.","Submission A focuses on technological resilience in the context of AI, democracy, and emerging technologies, while Submission B is primarily concerned with water resilience and climate change impacts. Their differing priorities suggest contrasting views on the immediate challenges facing EU resilience; one emphasizes digital policies, while the other highlights water management."
Matthew Spaniol,4,Neutral,"Both submissions acknowledge the importance of resilience in policy-making, emphasizing the need for adaptability and responsiveness to evolving challenges. They both recognize the role of foresight in shaping future policies and creating a foundation for long-term resilience.","Submission A focuses on specific challenges and strengths in the EU context, such as governance, technological advancement, and economic competitiveness, advocating for robust policy frameworks. In contrast, Submission B promotes a more experimental and flexible approach to policy-making, emphasizing the importance of monitoring and correcting policy errors rather than establishing fixed policies."
Special Secretariat of Foresight,4,Neutral,Both submissions recognize the importance of addressing long-term challenges faced by the EU and the need for strategic foresight in policy development. They emphasize the significance of intergenerational equity and the sustainability of public services in the context of demographic changes and emerging technological challenges.,"Submission A focuses on technological development, governance, and geopolitical factors as central to EU resilience, while Submission B highlights demographic aging as a primary issue, stressing fiscal policy and social benefits for the elderly. Their priorities differ, with Submission A leaning more towards technological policy and democratic safeguards and Submission B emphasizing demographic challenges and fiscal foresight."
Xylem,4,Neutral,Both submissions emphasize the importance of resilience in Europe and highlight the necessity for strategic action towards sustainability and technology. They agree that addressing critical issues and enhancing policy frameworks are essential for future competitiveness and autonomy.,"While Submission A focuses on broader technology policy and democratic resilience in response to geopolitical challenges, Submission B specifically centers on water resource management, efficiency, and infrastructure needs. Their priorities differ, with A stressing technology governance and B prioritizing water sustainability."
Anonymous_10,4,Neutral,"Both submissions recognize the significant challenges posed by emerging technologies and the necessity for the EU to adapt its policies in response to these challenges. They also highlight the importance of democratic integrity and technological governance in shaping societal outcomes, emphasizing the need for regulatory frameworks to protect citizen rights.","Submission A focuses on the geopolitical context and the need for resilience against threats to democracy and technological advancements, while Submission B emphasizes the commodification of data, energy consumption, and the impacts of climate change on migration. Additionally, Submission B advocates for a more flexible and rapid policy response, contrasting with Submission A's more structured approach to long-term resilience."
Juan Bartolomé García Martínez,4,Neutral,"Both submissions recognize the importance of resilience in the face of global challenges, particularly regarding technology and environmental stressors. They both emphasize the need for preventive measures and strategic foresight in developing policies to mitigate risks associated with global and technological threats.","Submission A focuses more on democratic governance and technological advancement as essential for EU resilience, while Submission B centers on agricultural systems and food security in extreme global catastrophic scenarios. Their priority areas differ significantly: one on broader societal governance and the other on specific agricultural adaptations and interventions."
Anonymous_5,4,Neutral,Both submissions acknowledge the significance of addressing EU challenges and the need for proactive policies. They emphasize the EU's current weaknesses in governance and technological advancement and their implications for resilience and competitiveness.,"Submission A focuses on strengthening democratic governance, technological ethics, and economic competitiveness, while Submission B leans towards advocating for military interventionism and a more aggressive stance on external policies, particularly in relation to refugee crises and space technologies."
Gabriele De Giorgi,4,Neutral,"Both submissions recognize the importance of a strong, coherent European identity and the need for long-term resilience within Europe. They emphasize the role of education and cultural understanding in fostering a sense of belonging and unity among European citizens.","Submission A focuses on addressing critical geopolitical and technological challenges to strengthen EU resilience, while Submission B emphasizes the need for cultural integration and education as a means to create a genuine European identity. The priorities differ significantly, with Submission A leaning towards policy-oriented strategies and Submission B advocating for educational reforms."
Francisco José Viturro Barreiro,4,Opponent,Both submissions emphasize the need for proactive measures to ensure the well-being of EU citizens and address systemic issues within the EU framework. They acknowledge the challenges posed by uncontrolled market dynamics and the necessity for regulatory oversight to protect democratic values and citizens' rights.,"Submission A focuses on long-term technological advancements, governance, and the resilience of democratic processes in the face of geopolitical challenges, while Submission B prioritizes immediate socioeconomic issues like housing and basic needs, calling for direct intervention to manage the market. The perspectives on the role of the state and market differ significantly, with Submission B being more critical of neoliberalism than Submission A."
F Hanna Campbell,4,Neutral,"Both submissions recognize the importance of resilience and adaptability in addressing EU challenges, especially in light of technological advancements and environmental changes. They emphasize the need for strategic policy actions that support long-term sustainability and governance improvements.","Submission A focuses on strengthening democratic governance and technological policies to safeguard Europe’s future, while Submission B advocates for a radical shift towards mobility and ecological restoration, emphasizing dynamic systems and reduced infrastructural rigidity. This fundamental difference in approach reflects divergent priorities in how to achieve resilience in the EU context."
Maastricht School of Management,4,Neutral,Both submissions recognize the importance of trade and technology as engines for economic growth and development. They highlight the need for stronger frameworks and policies to enhance resilience and address the challenges posed by global competition and evolving geopolitical contexts.,"Submission A focuses primarily on the intersection of technology, democracy, and long-term resilience in the EU, advocating for robust democratic frameworks to cope with technological advancements. In contrast, Submission B emphasizes trade agreements and their implications for economic development in Least Developed Countries (LDCs), with less focus on the broader technological aspects or governance challenges in the EU."
ECOLAB,4,Neutral,"Both submissions highlight the importance of addressing challenges to resilience—Submission A focuses on technological and democratic resilience, while Submission B emphasizes water management for industrial competitiveness. Both stress that sectoral integration is necessary for long-term sustainability within the EU framework.","Submission A prioritizes the intersection of emerging technologies and governance issues, asserting the need for regulatory reinforcement in tech policy, while Submission B centers its recommendations on water management as a critical factor for industry and competitivity. This reflects a broader societal perspective in Submission A compared to the more sector-specific focus of Submission B on water resources."
Anonymous_6,3,Opponent,"Both submissions emphasize the importance of investing in health and social welfare, acknowledging the need to strengthen resilience within the EU. They express concerns over the direction of EU policies, particularly the prioritization of military spending and armament over social issues.","Submission A focuses on the need for technological advancement and governance to enhance EU resilience, while Submission B strongly opposes military investments and advocates for social welfare and health over technology and defense. Additionally, B criticizes the disconnect between EU institutions and the population's desires."
Anonymous_4,3,Opponent,"Both submissions highlight concerns about the state of democracy within the EU, emphasizing the need for reform to enhance accountability and representation. They both express a desire for a stronger democratic framework to ensure interests are more aligned with the citizens.","Submission A focuses on long-term EU resilience, technological advancements, and the implications of geopolitical competition, whereas Submission B emphasizes immediate issues regarding parliamentary ethics, representation, and corruption. The former takes a broader, future-oriented approach, while the latter is concentrated on current governance failures."
Negar RIAHI,3,Opponent,"Both submissions recognize the importance of innovative technologies and policies to address challenges in the EU. They emphasize the need for regulatory frameworks that ensure safety and improve societal well-being, highlighting the role of technology in shaping the future.","Submission A focuses on broader societal and geopolitical challenges, including the erosion of democracy and the need for cohesive tech policies. In contrast, Submission B is specifically centered on a dental product and its implications for health, showing a more localized and product-specific perspective rather than a comprehensive policy viewpoint."
Ivana Nemčicová,3,Opponent,"Both submissions express a concern for the resilience and future of the EU in the face of various challenges, including economic competitiveness. They both acknowledge the need to rethink current strategies and policies to address long-term issues.","Submission A emphasizes the importance of strategic foresight, technological advancement, and democratic values, while Submission B strongly criticizes the EU's Green Deal and advocates for re-establishing trade relationships with all countries, including Russia. Their priorities diverge significantly in terms of environmental policies and economic strategy."
UAP Coalition Netherlands,3,Opponent,Both submissions emphasize the importance of resilience in the EU and the necessity of addressing emerging challenges. They acknowledge that effective policy-making is crucial for adapting to uncertainties and ensuring long-term security and sustainability in Europe.,"Submission A focuses on traditional issues such as governance, economic competitiveness, and the implications of technologies for democracy and social equity, while Submission B center around the relatively novel context of Unidentified Anomalous Phenomena (UAP) and their implications for security and safety. Their priorities differ significantly, with CFG advocating for democratic integrity and technological regulatory frameworks, and the UAP Coalition pushing for recognition and integration of UAP issues in EU policy."
David Van Geert,3,Opponent,"Both submissions express a concern for European resilience and independence, emphasizing the importance of self-sufficiency in technologies and resources. Additionally, they both mention the importance of education and knowledge dissemination as critical factors for the future of the EU.","Submission A focuses on strategic foresight, technological advancement, and democratic governance, while Submission B prioritizes geopolitical aspects such as arms industry development and nature preservation. Submission B presents a more nationalistic and resource-driven approach, contrasting with the broader, technology-centric vision of Submission A."
Anonymous_8,2,Opponent,"Both submissions address European resilience and the challenges faced by the EU, with an emphasis on long-term strategies for improvement. They recognize the importance of stability and strategic action for the future of the EU.","Submission A focuses on complex issues like technological advancement, geopolitical context, and democratic governance, while Submission B presents a narrow recommendation centered on increasing defense funding without addressing broader systemic issues. This reflects differing priorities in addressing EU challenges."
VLAD HERES,2,Opponent,"Both submissions express concerns about geopolitical threats and challenges to European resilience, albeit through different lenses. They share a recognition of the need for stronger European governance and security measures to address external influences and maintain democratic values.","Submission A focuses on long-term resilience in the context of technology, democracy, and intergenerational fairness, while Submission B emphasizes immediate security actions and military readiness in response to Russia and other geopolitical threats. The priorities differ significantly, with A advocating for a strategic foresight approach and B promoting aggressive military and immigration policies."
Antonio Mincarini,2,Opponent,"Both submissions express a concern for the well-being of society and highlight the need for enhanced governance and support for citizens. There is a common emphasis on fairness and stability within the EU, indicative of a shared interest in societal resilience.","Submission A focuses on the importance of technological advancement, governance, and strategic foresight to strengthen long-term resilience in the EU, while Submission B advocates for reduced reliance on vaccination, increased solidarity, and a balance between freedom and environmental policies. Their priorities diverge significantly, particularly in the areas of technological regulation and healthcare."
Maria Lindqvist,2,Opponent,Both submissions recognize the importance of democratic processes and the role of discourse in shaping effective policies. They agree that public input and discussion are necessary for addressing complex issues and achieving sustainable outcomes in the EU.,"Submission A emphasizes a structured approach to enhancing EU resilience through governance, technology, and economic strategies, while Submission B focuses solely on the need for public discussion and debate, suggesting a more grassroots approach. The priorities diverge significantly, as Submission A addresses specific policies and technological advancements, whereas Submission B calls for fundamental societal change through dialogue."
Anonymous_2,2,Neutral,"Both submissions express a concern for societal well-being and resilience, highlighting the importance of policies that support individuals' needs. They both suggest that the EU should take action to address pressing social issues.","Submission A focuses on long-term EU resilience through technology, governance, and economic competitiveness, while Submission B addresses immediate social issues like access to birth control and the cost of living. The priorities and perspectives on how to achieve societal improvements differ significantly between the two submissions."
Anonymous_11,2,Opponent,Both submissions express concerns about Europe's global competitiveness and the need for stronger European policies. They acknowledge challenges related to technology and the dependency on external markets.,"Submission A emphasizes the importance of governance, democratic values, and a strategic foresight framework to build long-term resilience in the EU, while Submission B is critical of the current EU strategies as overly cumbersome and costly, questioning the EU's ability to effectively manage its own resources and defenses."
José Luis Rajab,2,Opponent,"Both submissions express concerns about EU resilience and the importance of a unified approach to various challenges, including external threats. They prioritize the need for strong governance frameworks to address issues affecting Europe.","Submission A emphasizes democratic resilience and the safeguarding of technology and innovation in the context of geopolitical challenges, while Submission B expresses nationalistic and protective sentiments against immigration and external influence. The former focuses on policy coherence and strategic foresight, whereas the latter advocates for a more militarized and isolationist EU response."
Esteban Carlos Borzino,2,Opponent,"Both submissions express concerns about economic policies, particularly regarding the impact of interventionism on market growth and efficiency. They recognize the importance of maintaining a healthy economic environment that fosters competitiveness.","Submission A advocates for a balanced approach to governance and technology regulation, emphasizing the need for strong democratic frameworks and strategic foresight, while Submission B is firmly against economic intervention, arguing for minimal state involvement based on classical liberal principles. This fundamental philosophical disagreement creates a significant divide in their proposals for economic policy."
Davy Anthonissen,1,Opponent,"Both submissions recognize the importance of strengthening Europe’s position in the global context, though they approach it from very different angles. Submission A focuses on resilience through governance, technology, and democracy, while Submission B highlights territorial and military strategies.","Submission A emphasizes democratic integrity, technological advancement, and long-term policy strategies for resilience, while Submission B advocates for drastic territorial changes, regional civilian militarization, and aggressive stances against Russia. Their priorities and methodologies are vastly different, with A focusing on democratic values and technological innovation, and B suggesting militaristic and territorial solutions."
José Luis Rajab_1,1,Opponent,"Both submissions express a concern for Europe’s geopolitical and economic challenges, but they approach these issues from vastly different perspectives. Submission A emphasizes the need for democratic integrity and strategic foresight in technology management, while Submission B focuses on national security, border protection, and a unified legislative approach within the EU.","Submission A advocates for a sophisticated regulatory framework to bolster democracy and technological resilience, stressing cooperation and innovation. In contrast, Submission B prioritizes strict measures against immigration and a stronger military presence, suggesting a more isolationist and protectionist approach that conflicts with the cooperative ideals expressed in Submission A."
Anonymous_7,1,Opponent,"Both submissions acknowledge the importance of engagement and communication in addressing EU challenges. However, Submission A emphasizes strategic foresight and resilience in technology and governance, while Submission B suggests a focus on accessibility and inclusiveness through virtual webinars.","Submission A addresses complex geopolitical and technological challenges that require strategic policy actions, while Submission B focuses on enhancing participation through virtual platforms for individuals to express their views. The priorities of the two submissions differ significantly, with A advocating for high-level policy discussions and B emphasizing grassroots engagement."
